sep=,
"Rank","Jersey #","Player","Team","GP","Poss","%Time","Pts","PPP","FG Att","FG Made","FG Miss","FG%","eFG%","TO%","%FT","FTA/FGA","%SF","Score%","2 FG Att","2 FG Made","2 FG Miss","2 FG%","3FG Att","3 FG Made","3 FG Miss","3 FG%","3PA/FGA"
1,6,"Bobby Brown","Houston Rockets",30,18,30,33,1.833,18,11,7,61.1,91.7,0,0,0,0,61.1,0,0,0,,18,11,7,61.1,1
2,21,"Treveon Graham","Charlotte Hornets",27,16,69.6,27,1.688,16,9,7,56.3,84.4,0,0,0,0,56.3,1,0,1,0,15,9,6,60,0.94
3,1,"Lance Stephenson","Indiana Pacers",10,19,29.7,30,1.579,19,10,9,52.6,78.9,0,0,0,0,52.6,1,0,1,0,18,10,8,55.6,0.95
4,9,"Langston Galloway","Sacramento Kings",19,40,46.5,63,1.575,40,22,18,55,78.8,0,0,0,0,55,6,3,3,50,34,19,15,55.9,0.85
5,11,"Anthony Morrow","Chicago Bulls",12,14,50,22,1.571,14,8,6,57.1,78.6,0,0,0,0,57.1,2,2,0,100,12,6,6,50,0.86
6,27,"Nicolas Laprovittola","San Antonio Spurs",18,19,65.5,29,1.526,19,10,9,52.6,76.3,0,0,0,0,52.6,1,1,0,100,18,9,9,50,0.95
7,32,"Tyreke Evans","Sacramento Kings",14,25,35.7,38,1.52,25,13,12,52,76,0,0,0,0,52,2,1,1,50,23,12,11,52.2,0.92
8,22,"Brian Roberts","Charlotte Hornets",41,30,35.3,44,1.467,30,15,15,50,73.3,0,0,0,0,50,3,1,2,33.3,27,14,13,51.9,0.9
9,18,"Omri Casspi","Sacramento Kings",22,21,61.8,30,1.429,21,10,11,47.6,71.4,0,0,0,0,47.6,0,0,0,,21,10,11,47.6,1
10,5,"Pat Connaughton","Portland Trail Blazers",42,34,68,48,1.412,34,16,18,47.1,70.6,0,0,0,0,47.1,1,0,1,0,33,16,17,48.5,0.97
11,15,"Kemba Walker","Charlotte Hornets",79,224,24.3,310,1.384,224,105,119,46.9,69.2,0,0,0,0,46.9,8,5,3,62.5,216,100,116,46.3,0.96
12,55,"Tim Quarterman","Portland Trail Blazers",18,11,52.4,15,1.364,11,5,6,45.5,68.2,0,0,0,0,45.5,0,0,0,,11,5,6,45.5,1
13,2,"Kyrie Irving","Cleveland Cavaliers",90,221,20.8,301,1.362,221,104,117,47.1,67.9,0,0.5,0,0.5,47.1,22,12,10,54.5,199,92,107,46.2,0.9
14,7,"Darren Collison","Sacramento Kings",68,135,30.9,183,1.356,135,64,71,47.4,67.4,0,0.7,0.01,0.7,47.4,17,10,7,58.8,118,54,64,45.8,0.87
15,26,"Spencer Dinwiddie","Brooklyn Nets",59,40,25,54,1.35,40,18,22,45,67.5,0,0,0,0,45,0,0,0,,40,18,22,45,1
16,2,"Joe  Ingles","Utah Jazz",93,238,62.8,321,1.349,238,108,130,45.4,67.4,0,0.4,0,0.4,45.4,7,3,4,42.9,231,105,126,45.5,0.97
17,3,"Chris Paul","Los Angeles Clippers",68,96,12.8,129,1.344,96,43,53,44.8,66.7,0,1,0.01,1,44.8,9,1,8,11.1,87,42,45,48.3,0.91
18,30,"Stephen Curry","Golden State Warriors",96,475,39.6,636,1.339,473,216,257,45.7,66.4,0,1.1,0.02,1.1,45.9,38,20,18,52.6,435,196,239,45.1,0.92
19,13,"Malcolm Brogdon","Milwaukee Bucks",81,173,54.2,231,1.335,173,78,95,45.1,66.8,0,0,0,0,45.1,9,3,6,33.3,164,75,89,45.7,0.95
19,14,"Gary Harris","Denver Nuggets",57,221,67.2,295,1.335,221,99,122,44.8,66.5,0,0.5,0,0.5,44.8,7,3,4,42.9,214,96,118,44.9,0.97
21,34,"Mike Dunleavy","Atlanta Hawks",36,82,76.6,108,1.317,81,36,45,44.4,64.8,0,1.2,0.04,1.2,45.1,9,3,6,33.3,72,33,39,45.8,0.89
22,1,"Jameer  Nelson","Denver Nuggets",75,178,40.6,234,1.315,178,80,98,44.9,65.7,0,0,0,0,44.9,12,6,6,50,166,74,92,44.6,0.93
23,13,"Quincy Acy","Brooklyn Nets",32,85,87.6,111,1.306,85,38,47,44.7,65.3,0,0,0,0,44.7,5,3,2,60,80,35,45,43.8,0.94
24,26,"Kyle Korver","Cleveland Cavaliers",53,259,77.8,338,1.305,258,117,141,45.3,64.9,0,0.4,0.01,0.4,45.6,34,16,18,47.1,224,101,123,45.1,0.87
25,35,"Kevin Durant","Golden State Warriors",77,334,45.6,433,1.296,334,158,176,47.3,64.4,0,0.9,0.01,0.9,47.3,70,44,26,62.9,264,114,150,43.2,0.79
26,20,"AJ Hammons","Dallas Mavericks",22,21,87.5,27,1.286,21,11,10,52.4,64.3,0,0,0,0,52.4,11,6,5,54.5,10,5,5,50,0.48
27,2,"Kawhi Leonard","San Antonio Spurs",87,337,33.8,433,1.285,337,158,179,46.9,64.2,0,0,0,0,46.9,69,41,28,59.4,268,117,151,43.7,0.8
28,30,"Seth Curry","Dallas Mavericks",70,227,44.8,291,1.282,226,97,129,42.9,63.5,0,0.9,0.02,0.9,43.2,7,4,3,57.1,219,93,126,42.5,0.97
29,7,"Kyle Lowry","Toronto Raptors",68,217,33.6,277,1.276,215,91,124,42.3,63,0,1.8,0.04,1.8,42.9,5,2,3,40,210,89,121,42.4,0.98
30,8,"Channing Frye","Cleveland Cavaliers",86,392,89.5,498,1.27,392,173,219,44.1,63.5,0,0,0,0,44.1,34,21,13,61.8,358,152,206,42.5,0.91
31,22,"Khris Middleton","Milwaukee Bucks",35,113,44,143,1.265,113,48,65,42.5,62.8,0,1.8,0.02,1.8,42.5,12,2,10,16.7,101,46,55,45.5,0.89
32,11,"Dion Waiters","Miami Heat",46,167,44.7,211,1.263,167,74,93,44.3,63.2,0,0,0,0,44.3,23,11,12,47.8,144,63,81,43.8,0.86
32,22,"Otto Porter Jr.","Washington Wizards",93,449,72,567,1.263,447,203,244,45.4,62.9,0,0.7,0.02,0.7,45.7,87,47,40,54,360,156,204,43.3,0.81
34,33,"Trey Burke","Washington Wizards",60,62,30.5,78,1.258,62,28,34,45.2,62.9,0,0,0,0,45.2,10,6,4,60,52,22,30,42.3,0.84
35,0,"Darrell Arthur","Denver Nuggets",41,136,81,171,1.257,136,60,76,44.1,62.9,0,0.7,0.01,0.7,44.1,22,9,13,40.9,114,51,63,44.7,0.84
36,21,"Ian Clark","Golden State Warriors",93,157,53,197,1.255,157,67,90,42.7,62.7,0,0,0,0,42.7,5,4,1,80,152,63,89,41.4,0.97
37,20,"Jodie Meeks","Orlando Magic",36,122,69.3,153,1.254,122,52,70,42.6,62.7,0,0,0,0,42.6,11,3,8,27.3,111,49,62,44.1,0.91
38,3,"CJ McCollum","Portland Trail Blazers",84,316,32,396,1.253,315,137,178,43.5,62.9,0.3,0,0,0,43.4,27,15,12,55.6,288,122,166,42.4,0.91
39,42,"Lance Thomas","New York Knicks",46,107,69.5,134,1.252,107,48,59,44.9,62.1,0,0.9,0.01,0.9,44.9,29,11,18,37.9,78,37,41,47.4,0.73
40,3,"Jonathan Gibson","Dallas Mavericks",17,28,40.6,35,1.25,28,12,16,42.9,62.5,0,3.6,0.04,3.6,42.9,1,1,0,100,27,11,16,40.7,0.96
40,36,"Shawn Long","Philadelphia 76ers",17,20,64.5,25,1.25,20,9,11,45,62.5,0,0,0,0,45,4,2,2,50,16,7,9,43.8,0.8
42,4,"JJ Redick","Los Angeles Clippers",85,464,57.4,579,1.248,464,206,258,44.4,62,0,0.9,0.01,0.9,44.4,105,43,62,41,359,163,196,45.4,0.77
43,6,"Joe Johnson","Utah Jazz",89,240,48.6,299,1.246,240,100,140,41.7,62.3,0,0,0,0,41.7,6,1,5,16.7,234,99,135,42.3,0.98
44,23,"Allen Crabbe","Portland Trail Blazers",83,369,72.2,459,1.244,367,159,208,43.3,61,0,1.9,0.03,1.9,43.6,71,29,42,40.8,296,130,166,43.9,0.81
45,0,"Nick Young","Los Angeles Lakers",60,292,51.6,363,1.243,292,121,171,41.4,61.5,0,1.4,0.01,1.4,41.4,10,4,6,40,282,117,165,41.5,0.97
46,21,"Tony Snell","Milwaukee Bucks",86,397,87.3,493,1.242,397,167,230,42.1,62.1,0,0,0,0,42.1,25,8,17,32,372,159,213,42.7,0.94
47,26,"Kyle Korver","Atlanta Hawks",32,146,65.2,181,1.24,146,64,82,43.8,62,0,0,0,0,43.8,25,11,14,44,121,53,68,43.8,0.83
48,90,"Amir Johnson","Boston Celtics",94,71,84.5,88,1.239,71,30,41,42.3,62,0,0,0,0,42.3,5,2,3,40,66,28,38,42.4,0.93
49,11,"Nik Stauskas","Philadelphia 76ers",80,219,49.4,271,1.237,219,90,129,41.1,61.6,0,0.5,0,0.5,41.1,2,0,2,0,217,90,127,41.5,0.99
49,7,"Skal Labissière","Sacramento Kings",33,38,59.4,47,1.237,38,22,16,57.9,61.8,0,0,0,0,57.9,30,19,11,63.3,8,3,5,37.5,0.21
51,8,"Zach LaVine","Minnesota Timberwolves",47,187,39.1,231,1.235,187,78,109,41.7,61.8,0,0,0,0,41.7,9,3,6,33.3,178,75,103,42.1,0.95
51,3,"Mike Miller","Denver Nuggets",20,17,81,21,1.235,17,7,10,41.2,61.8,0,0,0,0,41.2,1,0,1,0,16,7,9,43.8,0.94
53,11,"Mike Conley","Memphis Grizzlies",75,200,29.7,246,1.23,200,85,115,42.5,61.5,0,0,0,0,42.5,23,9,14,39.1,177,76,101,42.9,0.89
54,23,"Fred VanVleet","Toronto Raptors",44,27,51.9,33,1.222,27,11,16,40.7,61.1,0,0,0,0,40.7,0,0,0,,27,11,16,40.7,1
54,27,"Jordan Crawford","New Orleans Pelicans",19,63,37.3,77,1.222,63,26,37,41.3,61.1,0,0,0,0,41.3,4,1,3,25,59,25,34,42.4,0.94
56,22,"Cameron Payne","Oklahoma City Thunder",20,32,36.4,39,1.219,32,13,19,40.6,60.9,0,0,0,0,40.6,0,0,0,,32,13,19,40.6,1
56,42,"Davis Bertans","San Antonio Spurs",80,183,86.3,223,1.219,183,74,109,40.4,60.1,0,1.6,0.02,1.6,40.4,6,2,4,33.3,177,72,105,40.7,0.97
58,11,"Klay Thompson","Golden State Warriors",95,825,67.8,1005,1.218,825,363,462,44,60.7,0,0.4,0,0.4,44,179,87,92,48.6,646,276,370,42.7,0.78
59,24,"Buddy Hield","New Orleans Pelicans",57,167,51.4,203,1.216,167,68,99,40.7,60.8,0,0,0,0,40.7,7,1,6,14.3,160,67,93,41.9,0.96
60,5,"Luke Babbitt","Miami Heat",68,210,80.5,255,1.214,210,87,123,41.4,60.7,0,0,0,0,41.4,11,6,5,54.5,199,81,118,40.7,0.95
60,3,"George Hill","Utah Jazz",57,173,39.9,210,1.214,173,71,102,41,60.7,0,0.6,0.01,0.6,41,8,3,5,37.5,165,68,97,41.2,0.95
62,1,"James Jones","Cleveland Cavaliers",56,67,78.8,81,1.209,67,28,39,41.8,60.4,0,0,0,0,41.8,6,3,3,50,61,25,36,41,0.91
63,0,"CJ Miles","Indiana Pacers",80,427,80.1,516,1.208,426,175,251,41.1,60.2,0,0.5,0.01,0.5,41.2,41,12,29,29.3,385,163,222,42.3,0.9
63,4,"Isaiah Thomas","Boston Celtics",91,336,33.5,406,1.208,336,137,199,40.8,60.1,0,0.6,0.01,0.6,40.8,19,7,12,36.8,317,130,187,41,0.94
63,8,"Patty Mills","San Antonio Spurs",96,317,50.6,383,1.208,317,129,188,40.7,60.3,0,0.3,0,0.3,40.7,17,5,12,29.4,300,124,176,41.3,0.95
66,15,"Vince Carter","Memphis Grizzlies",79,281,74.1,338,1.203,280,114,166,40.7,59.8,0,0.4,0.01,0.4,40.9,15,7,8,46.7,265,107,158,40.4,0.95
67,40,"Arron Afflalo","Sacramento Kings",61,183,60,220,1.202,183,80,103,43.7,59.3,0,1.6,0.02,1.6,43.7,47,23,24,48.9,136,57,79,41.9,0.74
67,41,"Juan Hernangomez","Denver Nuggets",62,114,88.4,137,1.202,114,46,68,40.4,60.1,0,0,0,0,40.4,3,1,2,33.3,111,45,66,40.5,0.97
69,16,"Pau Gasol","San Antonio Spurs",80,268,87.3,322,1.201,268,130,138,48.5,60.1,0,0,0,0,48.5,146,68,78,46.6,122,62,60,50.8,0.46
70,6,"Shabazz Napier","Portland Trail Blazers",57,50,32.9,60,1.2,50,20,30,40,60,0,0,0,0,40,0,0,0,,50,20,30,40,1
70,3,"Jason Terry","Milwaukee Bucks",80,170,79.4,204,1.2,170,69,101,40.6,60,0,0,0,0,40.6,8,3,5,37.5,162,66,96,40.7,0.95
70,20,"Kay Felder","Cleveland Cavaliers",42,10,12,12,1.2,10,4,6,40,60,0,0,0,0,40,1,0,1,0,9,4,5,44.4,0.9
73,23,"Louis Williams","Los Angeles Lakers",58,136,32.4,163,1.199,136,55,81,40.4,59.6,0,0.7,0.01,0.7,40.4,5,3,2,60,131,52,79,39.7,0.96
74,30,"Gerald Green","Boston Celtics",60,126,53.4,151,1.198,126,51,75,40.5,59.1,0,1.6,0.02,1.6,40.5,11,4,7,36.4,115,47,68,40.9,0.91
75,3,"Bradley Beal","Washington Wizards",90,527,50.1,631,1.197,525,221,304,42.1,59.3,0,0.8,0.02,0.8,42.3,75,40,35,53.3,450,181,269,40.2,0.86
76,2,"Patrick Beverley","Houston Rockets",78,260,68.8,311,1.196,260,104,156,40,59.8,0,0,0,0,40,5,1,4,20,255,103,152,40.4,0.98
77,0,"Damian Lillard","Portland Trail Blazers",79,220,24.7,263,1.195,220,94,126,42.7,59.8,0,0,0,0,42.7,37,19,18,51.4,183,75,108,41,0.83
78,33,"Ryan Anderson","Houston Rockets",83,522,78.4,623,1.193,522,208,314,39.8,59.7,0,0,0,0,39.8,1,1,0,100,521,207,314,39.7,1
79,2,"PJ Tucker","Toronto Raptors",34,94,83.9,112,1.191,94,40,54,42.6,59.6,0,0,0,0,42.6,14,8,6,57.1,80,32,48,40,0.85
80,7,"Carmelo Anthony","New York Knicks",74,375,37.7,446,1.189,374,167,207,44.7,59.4,0,0.5,0.01,0.5,44.8,113,57,56,50.4,261,110,151,42.1,0.7
80,13,"Paul George","Indiana Pacers",79,465,43.6,553,1.189,465,197,268,42.4,59.1,0,0.6,0.01,0.6,42.4,84,41,43,48.8,381,156,225,40.9,0.82
82,44,"Jeff Teague","Indiana Pacers",86,129,30.1,153,1.186,129,51,78,39.5,59.3,0,0,0,0,39.5,3,0,3,0,126,51,75,40.5,0.98
82,12,"Jordan McRae","Cleveland Cavaliers",37,43,47.8,51,1.186,43,17,26,39.5,59.3,0,0,0,0,39.5,3,0,3,0,40,17,23,42.5,0.93
82,7,"Jeremy Lin","Brooklyn Nets",36,86,33,102,1.186,86,35,51,40.7,59.3,0,0,0,0,40.7,6,3,3,50,80,32,48,40,0.93
82,5,"JR Smith","Cleveland Cavaliers",59,280,69,332,1.186,280,111,169,39.6,59.3,0,0,0,0,39.6,1,1,0,100,279,110,169,39.4,1
86,0,"Kevin Love","Cleveland Cavaliers",78,488,79.3,578,1.184,486,195,291,40.1,58.8,0,1,0.01,1,40.4,38,13,25,34.2,448,182,266,40.6,0.92
87,20,"Gordon Hayward","Utah Jazz",84,348,38.5,411,1.181,348,147,201,42.2,58.8,0,0.6,0.01,0.6,42.2,67,32,35,47.8,281,115,166,40.9,0.81
88,1,"Tyus Jones","Minnesota Timberwolves",60,56,55.4,66,1.179,55,21,34,38.2,57.3,0,3.6,0.07,3.6,39.3,0,0,0,,55,21,34,38.2,1
89,31,"Terrence Ross","Orlando Magic",24,135,63.1,159,1.178,134,58,76,43.3,58.2,0,1.5,0.03,1.5,43.7,32,18,14,56.3,102,40,62,39.2,0.76
90,21,"Jimmy Butler","Chicago Bulls",82,161,21,189,1.174,161,66,95,41,58.4,0,0.6,0.01,0.6,41,27,10,17,37,134,56,78,41.8,0.83
91,8,"Danilo Gallinari","Denver Nuggets",63,302,59.9,354,1.172,301,121,180,40.2,58,0,1.3,0.02,1.3,40.4,37,14,23,37.8,264,107,157,40.5,0.88
92,40,"Glenn Robinson III","Indiana Pacers",72,158,69.6,185,1.171,158,68,90,43,58.5,0,0,0,0,43,37,19,18,51.4,121,49,72,40.5,0.77
93,8,"Alex Abrines","Oklahoma City Thunder",73,253,84.9,296,1.17,253,101,152,39.9,58.5,0,0,0,0,39.9,13,7,6,53.8,240,94,146,39.2,0.95
94,24,"Buddy Hield","Sacramento Kings",25,83,38.1,97,1.169,82,32,50,39,57.9,0,1.2,0.04,1.2,39.8,4,1,3,25,78,31,47,39.7,0.95
95,3,"Derrick Williams","Cleveland Cavaliers",33,54,74,63,1.167,54,21,33,38.9,58.3,0,0,0,0,38.9,3,0,3,0,51,21,30,41.2,0.94
96,14,"DJ Augustin","Orlando Magic",78,152,39.6,177,1.164,152,59,93,38.8,58.2,0,0,0,0,38.8,1,0,1,0,151,59,92,39.1,0.99
97,9,"Michael Beasley","Milwaukee Bucks",60,80,40.4,93,1.163,80,36,44,45,58.1,0,0,0,0,45,34,15,19,44.1,46,21,25,45.7,0.57
97,43,"Anthony Tolliver","Sacramento Kings",65,241,94.5,280,1.162,241,95,146,39.4,58.1,0,0.4,0,0.4,39.4,16,5,11,31.3,225,90,135,40,0.93
99,44,"Bojan  Bogdanovic","Brooklyn Nets",55,217,61.1,252,1.161,217,85,132,39.2,58.1,0,0,0,0,39.2,8,3,5,37.5,209,82,127,39.2,0.96
100,0,"JaMychal Green","Memphis Grizzlies",83,212,86.2,246,1.16,212,92,120,43.4,57.8,0,0.5,0,0.5,43.4,59,31,28,52.5,153,61,92,39.9,0.72
101,17,"Dennis Schroder","Atlanta Hawks",85,215,33.4,249,1.158,215,92,123,42.8,57.9,0,0,0,0,42.8,45,27,18,60,170,65,105,38.2,0.79
101,0,"Aaron Brooks","Indiana Pacers",66,76,41.8,88,1.158,76,30,46,39.5,57.2,0,1.3,0.01,1.3,39.5,4,3,1,75,72,27,45,37.5,0.95
103,22,"Andrew  Wiggins","Minnesota Timberwolves",82,197,24.4,228,1.157,196,78,118,39.8,57.4,0,1.5,0.02,1.5,40.1,19,9,10,47.4,177,69,108,39,0.9
104,11,"Yogi Ferrell","Dallas Mavericks",36,77,31.7,89,1.156,77,30,47,39,57.8,0,0,0,0,39,1,1,0,100,76,29,47,38.2,0.99
105,17,"Garrett Temple","Sacramento Kings",65,190,59.2,219,1.153,190,74,116,38.9,57.6,0,0,0,0,38.9,10,3,7,30,180,71,109,39.4,0.95
106,23,"Ersan Ilyasova","Philadelphia 76ers",53,284,68.3,327,1.151,283,115,168,40.6,57.1,0,1.1,0.01,1.1,40.8,48,22,26,45.8,235,93,142,39.6,0.83
107,14,"Sergio Rodriguez","Philadelphia 76ers",68,100,24.8,115,1.15,100,39,61,39,57.5,0,0,0,0,39,4,2,2,50,96,37,59,38.5,0.96
107,14,"Jason Smith","Washington Wizards",87,240,92.3,276,1.15,240,118,122,49.2,57.5,0,0.4,0,0.4,49.2,153,78,75,51,87,40,47,46,0.36
109,5,"J.J. Barea","Dallas Mavericks",35,47,19.2,54,1.149,47,18,29,38.3,57.4,0,0,0,0,38.3,0,0,0,,47,18,29,38.3,1
110,5,"Courtney Lee","New York Knicks",77,271,53.5,310,1.144,271,109,162,40.2,57.2,0,0,0,0,40.2,39,17,22,43.6,232,92,140,39.7,0.86
111,15,"Isaiah Whitehead","Brooklyn Nets",73,91,41,104,1.143,91,35,56,38.5,57.1,0,0,0,0,38.5,3,1,2,33.3,88,34,54,38.6,0.97
111,7,"Goran Dragic","Miami Heat",73,196,30.4,224,1.143,195,77,118,39.5,56.7,0,0.5,0.02,0.5,39.8,22,10,12,45.5,173,67,106,38.7,0.89
111,14,"DeAndre Liggins","Cleveland Cavaliers",61,42,65.6,48,1.143,42,16,26,38.1,57.1,0,0,0,0,38.1,1,0,1,0,41,16,25,39,0.98
114,10,"Langston Galloway","New Orleans Pelicans",55,261,69.4,298,1.142,258,101,157,39.1,56.4,0,1.5,0.04,1.5,39.8,33,12,21,36.4,225,89,136,39.6,0.87
114,33,"Dante Cunningham","New Orleans Pelicans",66,212,93.8,242,1.142,212,86,126,40.6,57.1,0,0,0,0,40.6,34,16,18,47.1,178,70,108,39.3,0.84
116,25,"Austin Rivers","Los Angeles Clippers",77,199,54.4,227,1.141,199,76,123,38.2,57,0,0,0,0,38.2,4,1,3,25,195,75,120,38.5,0.98
116,5,"Rodney Hood","Utah Jazz",70,256,46,292,1.141,256,100,156,39.1,57,0,0,0,0,39.1,24,8,16,33.3,232,92,140,39.7,0.91
118,9,"Tony Parker","San Antonio Spurs",71,114,33.8,130,1.14,114,48,66,42.1,57,0,0,0,0,42.1,27,14,13,51.9,87,34,53,39.1,0.76
118,11,"Doug  McDermott","Chicago Bulls",44,164,71,187,1.14,164,65,99,39.6,56.1,0,2.4,0.02,2.4,39.6,19,11,8,57.9,145,54,91,37.2,0.88
118,99,"Jae Crowder","Boston Celtics",90,451,69.7,514,1.14,449,177,272,39.4,56.8,0,0.4,0.01,0.4,39.7,60,21,39,35,389,156,233,40.1,0.87
118,2,"Wayne Ellington","Miami Heat",62,351,67.4,400,1.14,350,140,210,40,56.7,0,0.3,0.01,0.3,40.2,41,23,18,56.1,309,117,192,37.9,0.88
122,12,"Joe Harris","Brooklyn Nets",52,194,77.6,221,1.139,194,75,119,38.7,57,0,0,0,0,38.7,10,4,6,40,184,71,113,38.6,0.95
122,4,"Brandon Rush","Minnesota Timberwolves",47,115,79.9,131,1.139,115,44,71,38.3,57,0,0,0,0,38.3,5,1,4,20,110,43,67,39.1,0.96
124,10,"Eric Gordon","Houston Rockets",86,543,68.2,616,1.134,542,204,338,37.6,56.5,0,0.4,0.01,0.4,37.8,1,0,1,0,541,204,337,37.7,1
125,23,"LeBron James","Cleveland Cavaliers",92,173,24.2,196,1.133,173,68,105,39.3,56.6,0,0,0,0,39.3,23,8,15,34.8,150,60,90,40,0.87
126,23,"Ben McLemore","Sacramento Kings",61,169,60.8,191,1.13,169,68,101,40.2,55.9,0,1.8,0.02,1.8,40.2,31,15,16,48.4,138,53,85,38.4,0.82
126,45,"Denzel Valentine","Chicago Bulls",61,154,63.1,174,1.13,154,58,96,37.7,56.5,0,0,0,0,37.7,0,0,0,,154,58,96,37.7,1
128,2,"Raymond Felton","Los Angeles Clippers",87,93,28.8,105,1.129,93,35,58,37.6,56.5,0,0,0,0,37.6,1,0,1,0,92,35,57,38,0.99
129,14,"Danny Green","San Antonio Spurs",84,341,75.8,384,1.126,341,129,212,37.8,56.2,0,0.3,0,0.3,37.8,11,4,7,36.4,330,125,205,37.9,0.97
130,6,"Cory Joseph","Toronto Raptors",90,152,38,171,1.125,152,59,93,38.8,56.3,0,0,0,0,38.8,14,6,8,42.9,138,53,85,38.4,0.91
131,31,"Mike Muscala","Atlanta Hawks",76,169,92.3,190,1.124,169,72,97,42.6,56.2,0,0,0,0,42.6,56,26,30,46.4,113,46,67,40.7,0.67
131,24,"Norman Powell","Toronto Raptors",85,178,64.5,200,1.124,177,66,111,37.3,55.6,0,1.1,0.02,1.1,37.6,3,1,2,33.3,174,65,109,37.4,0.98
133,23,"Wesley Matthews","Dallas Mavericks",73,361,56.8,405,1.122,361,136,225,37.7,56.1,0,0,0,0,37.7,9,3,6,33.3,352,133,219,37.8,0.98
133,25,"Doug McDermott","Oklahoma City Thunder",27,74,74,83,1.122,74,28,46,37.8,56.1,0,0,0,0,37.8,5,1,4,20,69,27,42,39.1,0.93
135,34,"Paul Pierce","Los Angeles Clippers",32,51,68.9,57,1.118,51,19,32,37.3,55.9,0,0,0,0,37.3,1,0,1,0,50,19,31,38,0.98
136,13,"James Harden","Houston Rockets",92,180,17.6,201,1.117,180,67,113,37.2,55.8,0,0,0,0,37.2,1,0,1,0,179,67,112,37.4,0.99
137,25,"Reggie Bullock","Detroit Pistons",31,79,85.9,88,1.114,79,30,49,38,55.7,0,0,0,0,38,6,2,4,33.3,73,28,45,38.4,0.92
138,3,"Jared Dudley","Phoenix Suns",64,247,87.6,275,1.113,246,99,147,40.2,55.7,0,0.4,0.01,0.4,40.5,47,23,24,48.9,199,76,123,38.2,0.81
138,12,"Luc Mbah a Moute","Los Angeles Clippers",87,177,82.3,197,1.113,177,75,102,42.4,55.6,0,0,0,0,42.4,57,28,29,49.1,120,47,73,39.2,0.68
140,34,"Devin Harris","Dallas Mavericks",65,125,59,139,1.112,125,46,79,36.8,55.2,0,0.8,0.01,0.8,36.8,0,0,0,,125,46,79,36.8,1
140,16,"James Johnson","Miami Heat",76,215,56,239,1.112,215,81,134,37.7,55.6,0,0,0,0,37.7,11,4,7,36.4,204,77,127,37.7,0.95
142,22,"Cameron Payne","Chicago Bulls",12,27,54,30,1.111,27,10,17,37,55.6,0,0,0,0,37,0,0,0,,27,10,17,37,1
143,2,"Eric Bledsoe","Phoenix Suns",66,136,22.4,151,1.11,136,52,84,38.2,55.5,0,0,0,0,38.2,12,5,7,41.7,124,47,77,37.9,0.91
144,32,"Karl-Anthony Towns","Minnesota Timberwolves",82,331,71.2,367,1.109,330,136,194,41.2,55.2,0,0.3,0.01,0.3,41.4,84,44,40,52.4,246,92,154,37.4,0.75
145,8,"Rudy Gay","Sacramento Kings",30,102,43,113,1.108,102,39,63,38.2,55.4,0,0,0,0,38.2,14,4,10,28.6,88,35,53,39.8,0.86
146,31,"Deron Williams","Cleveland Cavaliers",42,56,38.4,62,1.107,56,21,35,37.5,55.4,0,0,0,0,37.5,4,1,3,25,52,20,32,38.5,0.93
147,10,"Tyler Ennis","Los Angeles Lakers",22,19,25.3,21,1.105,19,7,12,36.8,55.3,0,0,0,0,36.8,0,0,0,,19,7,12,36.8,1
148,0,"Spencer Hawes","Milwaukee Bucks",22,29,90.6,32,1.103,29,11,18,37.9,55.2,0,0,0,0,37.9,1,1,0,100,28,10,18,35.7,0.97
149,5,"Kentavious Caldwell-Pope","Detroit Pistons",76,322,45.4,355,1.102,322,125,197,38.8,54.8,0,0.6,0.01,0.6,38.8,42,22,20,52.4,280,103,177,36.8,0.87
150,9,"Jerami Grant","Oklahoma City Thunder",83,129,80.6,142,1.101,129,49,80,38,55,0,0,0,0,38,10,5,5,50,119,44,75,37,0.92
151,3,"Joe Young","Indiana Pacers",33,10,20,11,1.1,10,4,6,40,55,0,0,0,0,40,1,1,0,100,9,3,6,33.3,0.9
151,5,"Jose Calderon","Los Angeles Lakers",24,30,44.1,33,1.1,30,11,19,36.7,55,0,0,0,0,36.7,0,0,0,,30,11,19,36.7,1
153,21,"Marco Belinelli","Charlotte Hornets",74,265,53.8,291,1.098,265,109,156,41.1,54.7,0,0.4,0,0.4,41.1,79,37,42,46.8,186,72,114,38.7,0.7
153,20,"Manu Ginobili","San Antonio Spurs",85,205,64.5,225,1.098,205,75,130,36.6,54.4,0,1.5,0.01,1.5,36.6,6,2,4,33.3,199,73,126,36.7,0.97
155,9,"Rajon Rondo","Chicago Bulls",71,136,48.9,149,1.096,136,52,84,38.2,54.8,0,0,0,0,38.2,21,7,14,33.3,115,45,70,39.1,0.85
156,5,"Marreese Speights","Los Angeles Clippers",89,306,86.4,335,1.095,306,114,192,37.3,54.6,0,0.3,0,0.3,37.3,22,8,14,36.4,284,106,178,37.3,0.93
157,8,"Deron Williams","Dallas Mavericks",40,128,40.3,140,1.094,128,48,80,37.5,54.3,0,0.8,0.01,0.8,37.5,16,5,11,31.3,112,43,69,38.4,0.88
157,10,"Evan Fournier","Orlando Magic",69,288,56.6,315,1.094,288,110,178,38.2,54.7,0,0,0,0,38.2,32,15,17,46.9,256,95,161,37.1,0.89
159,21,"Joel Embiid","Philadelphia 76ers",31,99,64.7,108,1.091,99,38,61,38.4,54.5,0,0,0,0,38.4,12,6,6,50,87,32,55,36.8,0.88
159,5,"Reggie Williams","New Orleans Pelicans",6,11,64.7,12,1.091,11,4,7,36.4,54.5,0,0,0,0,36.4,0,0,0,,11,4,7,36.4,1
159,5,"Dejounte Murray","San Antonio Spurs",49,22,47.8,24,1.091,22,8,14,36.4,54.5,0,0,0,0,36.4,0,0,0,,22,8,14,36.4,1
159,15,"Okaro White","Miami Heat",35,33,71.7,36,1.091,33,12,21,36.4,54.5,0,0,0,0,36.4,1,0,1,0,32,12,20,37.5,0.97
163,12,"Terry Rozier III","Boston Celtics",91,158,51.1,172,1.089,158,58,100,36.7,54.4,0,0,0,0,36.7,7,2,5,28.6,151,56,95,37.1,0.96
163,42,"Al Horford","Boston Celtics",86,395,89.2,430,1.089,395,160,235,40.5,54.4,0,0,0,0,40.5,106,50,56,47.2,289,110,179,38.1,0.73
165,2,"John Wall","Washington Wizards",91,170,18.5,185,1.088,169,61,108,36.1,54.1,0,0.6,0.01,0.6,36.5,3,0,3,0,166,61,105,36.7,0.98
166,16,"Paul Zipser","Chicago Bulls",50,115,67.3,125,1.087,115,43,72,37.4,54.3,0,0,0,0,37.4,11,4,7,36.4,104,39,65,37.5,0.9
166,1,"Trevor Ariza","Houston Rockets",91,507,77.9,551,1.087,507,184,323,36.3,54.3,0,0.2,0,0.2,36.3,3,1,2,33.3,504,183,321,36.3,0.99
168,4,"Josh McRoberts","Miami Heat",22,47,74.6,51,1.085,47,19,28,40.4,54.3,0,0,0,0,40.4,16,6,10,37.5,31,13,18,41.9,0.66
169,44,"Solomon Hill","New Orleans Pelicans",80,249,77.6,270,1.084,249,90,159,36.1,54.2,0,0,0,0,36.1,3,0,3,0,246,90,156,36.6,0.99
170,0,"DeMarcus Cousins","New Orleans Pelicans",17,96,72.2,104,1.083,96,36,60,37.5,53.6,0,1,0.01,1,37.5,12,5,7,41.7,84,31,53,36.9,0.88
171,4,"Iman Shumpert","Cleveland Cavaliers",93,250,57.9,269,1.076,250,91,159,36.4,53.8,0,0,0,0,36.4,10,4,6,40,240,87,153,36.3,0.96
172,8,"Matthew Dellavedova","Milwaukee Bucks",82,214,69.3,230,1.075,214,80,134,37.4,53.7,0,0,0,0,37.4,23,10,13,43.5,191,70,121,36.6,0.89
173,15,"Nikola Jokic","Denver Nuggets",73,189,75,203,1.074,189,81,108,42.9,53.7,0,0,0,0,42.9,73,40,33,54.8,116,41,75,35.3,0.61
174,54,"Patrick Patterson","Toronto Raptors",75,289,90.6,310,1.073,288,104,184,36.1,53.3,0,0.3,0.01,0.3,36.3,14,5,9,35.7,274,99,175,36.1,0.95
175,23,"Malachi Richardson","Sacramento Kings",22,14,25.9,15,1.071,14,5,9,35.7,53.6,0,0,0,0,35.7,0,0,0,,14,5,9,35.7,1
176,1,"DAngelo  Russell","Los Angeles Lakers",63,203,33.7,217,1.069,203,75,128,36.9,53.4,0,0,0,0,36.9,13,8,5,61.5,190,67,123,35.3,0.94
176,2,"Jerian Grant","Chicago Bulls",68,102,46.2,109,1.069,102,37,65,36.3,53.4,0,1,0.01,1,36.3,2,2,0,100,100,35,65,35,0.98
178,9,"Serge Ibaka","Toronto Raptors",33,205,82,219,1.068,205,83,122,40.5,53.4,0,0,0,0,40.5,65,30,35,46.2,140,53,87,37.9,0.68
178,8,"Justin Holiday","New York Knicks",82,280,68.6,299,1.068,280,106,174,37.9,53.2,0,0.4,0,0.4,37.9,41,20,21,48.8,239,86,153,36,0.85
180,13,"Marcus Morris","Detroit Pistons",79,313,40.8,334,1.067,313,117,196,37.4,53.4,0,0,0,0,37.4,37,17,20,45.9,276,100,176,36.2,0.88
180,0,"Emmanuel Mudiay","Denver Nuggets",56,135,44.4,144,1.067,135,48,87,35.6,53.3,0,0,0,0,35.6,4,0,4,0,131,48,83,36.6,0.97
182,7,"Serge Ibaka","Orlando Magic",56,305,81.8,325,1.066,305,122,183,40,53.1,0,0.3,0,0.3,40,94,42,52,44.7,211,80,131,37.9,0.69
183,8,"Tyler Johnson","Miami Heat",73,291,60.9,310,1.065,290,111,179,38.3,53.1,0,0.3,0.01,0.3,38.5,66,25,41,37.9,224,86,138,38.4,0.77
183,5,"Bobby Portis","Chicago Bulls",70,154,67.2,164,1.065,154,63,91,40.9,53.2,0,0,0,0,40.9,51,25,26,49,103,38,65,36.9,0.67
183,5,"Will Barton","Denver Nuggets",60,155,43.5,165,1.065,155,55,100,35.5,53.2,0,0,0,0,35.5,2,0,2,0,153,55,98,35.9,0.99
186,0,"Russell Westbrook","Oklahoma City Thunder",86,171,13.5,182,1.064,171,63,108,36.8,53.2,0.6,0,0,0,36.8,15,7,8,46.7,156,56,100,35.9,0.91
186,3,"Brandon Jennings","New York Knicks",58,78,27.5,83,1.064,78,28,50,35.9,53.2,0,0,0,0,35.9,2,1,1,50,76,27,49,35.5,0.97
188,44,"Bojan Bogdanovic","Washington Wizards",39,145,70,154,1.062,145,52,93,35.9,52.4,0,1.4,0.01,1.4,35.9,8,4,4,50,137,48,89,35,0.94
189,12,"Gerald Henderson","Philadelphia 76ers",72,179,50.6,190,1.061,178,66,112,37.1,52.5,0,1.1,0.02,0.6,37.4,31,11,20,35.5,147,55,92,37.4,0.83
189,27,"Jamal Murray","Denver Nuggets",82,214,44.2,227,1.061,214,76,138,35.5,53,0,0,0,0,35.5,7,1,6,14.3,207,75,132,36.2,0.97
189,10,"Tim Hardaway Jr.","Atlanta Hawks",85,363,58.9,385,1.061,362,129,233,35.6,52.2,0,1.4,0.02,1.4,35.8,19,9,10,47.4,343,120,223,35,0.95
192,9,"Andre Iguodala","Golden State Warriors",92,200,68.7,212,1.06,200,73,127,36.5,52.8,0,0.5,0.01,0.5,36.5,12,8,4,66.7,188,65,123,34.6,0.94
192,6,"Jordan  Clarkson","Los Angeles Lakers",82,217,38.3,230,1.06,217,78,139,35.9,52.8,0,0.5,0,0.5,35.9,15,5,10,33.3,202,73,129,36.1,0.93
194,55,"E'Twaun Moore","New Orleans Pelicans",73,190,50.9,201,1.058,190,69,121,36.3,52.9,0,0,0,0,36.3,15,6,9,40,175,63,112,36,0.92
195,41,"Dirk Nowitzki","Dallas Mavericks",54,387,79.5,409,1.057,387,166,221,42.9,52.8,0,0,0,0,42.9,192,89,103,46.4,195,77,118,39.5,0.5
195,10,"Alec Burks","Utah Jazz",42,53,39.3,56,1.057,53,19,34,35.8,52.8,0,0,0,0,35.8,3,1,2,33.3,50,18,32,36,0.94
197,34,"Tobias Harris","Detroit Pistons",82,327,52.2,345,1.055,327,119,208,36.4,52.8,0,0,0,0,36.4,26,12,14,46.2,301,107,194,35.5,0.92
197,12,"Lou Williams","Houston Rockets",34,91,42.7,96,1.055,91,32,59,35.2,52.7,0,1.1,0.01,1.1,35.2,1,0,1,0,90,32,58,35.6,0.99
199,12,"Jabari Parker","Milwaukee Bucks",51,210,57.2,221,1.052,210,81,129,38.6,52.6,0,0,0,0,38.6,48,22,26,45.8,162,59,103,36.4,0.77
200,8,"James Ennis","Memphis Grizzlies",70,136,73.5,143,1.051,136,48,88,35.3,52.6,0,0,0,0,35.3,6,1,5,16.7,130,47,83,36.2,0.96
200,30,"Troy Daniels","Memphis Grizzlies",73,312,68.4,328,1.051,312,114,198,36.5,52.6,0,0.3,0,0.3,36.5,37,14,23,37.8,275,100,175,36.4,0.88
202,2,"Randy Foye","Brooklyn Nets",69,140,59.6,147,1.05,140,49,91,35,52.5,0,0,0,0,35,3,0,3,0,137,49,88,35.8,0.98
203,8,"Jonas Jerebko","Boston Celtics",90,146,84.4,153,1.048,146,52,94,35.6,52.4,0,0,0,0,35.6,6,3,3,50,140,49,91,35,0.96
204,22,"Richaun Holmes","Philadelphia 76ers",57,106,86.9,111,1.047,106,42,64,39.6,52.4,0,0,0,0,39.6,31,15,16,48.4,75,27,48,36,0.71
205,4,"Chasson Randle","New York Knicks",18,23,67.6,24,1.043,23,8,15,34.8,52.2,0,0,0,0,34.8,0,0,0,,23,8,15,34.8,1
205,32,"KJ McDaniels","Houston Rockets",29,23,71.9,24,1.043,23,8,15,34.8,52.2,0,0,0,0,34.8,0,0,0,,23,8,15,34.8,1
205,41,"Kelly Olynyk","Boston Celtics",93,255,80.4,266,1.043,255,93,162,36.5,52.2,0,0,0,0,36.5,33,13,20,39.4,222,80,142,36,0.87
208,17,"Rodney McGruder","Miami Heat",78,215,78.2,224,1.042,215,76,139,35.3,51.9,0,0.5,0,0.5,35.3,14,5,9,35.7,201,71,130,35.3,0.93
209,7,"Ersan Ilyasova","Atlanta Hawks",32,101,71.6,105,1.04,101,39,62,38.6,52,0,0,0,0,38.6,25,12,13,48,76,27,49,35.5,0.75
210,1,"Reggie Jackson","Detroit Pistons",52,79,21.8,82,1.038,78,27,51,34.6,51.3,0,1.3,0.04,1.3,35.4,3,1,2,33.3,75,26,49,34.7,0.96
210,33,"Marc Gasol","Memphis Grizzlies",80,450,78,467,1.038,450,179,271,39.8,51.8,0,0.2,0,0.2,39.8,178,71,107,39.9,272,108,164,39.7,0.6
212,17,"PJ Tucker","Phoenix Suns",57,138,72.6,143,1.036,138,50,88,36.2,51.8,0,0,0,0,36.2,13,7,6,53.8,125,43,82,34.4,0.91
213,40,"Ivica Zubac","Los Angeles Lakers",38,29,87.9,30,1.034,29,15,14,51.7,51.7,0,0,0,0,51.7,27,15,12,55.6,2,0,2,0,0.07
213,6,"Kristaps Porzingis","New York Knicks",66,378,67.3,391,1.034,377,142,235,37.7,51.6,0,0.3,0.01,0.3,37.8,83,37,46,44.6,294,105,189,35.7,0.78
213,4,"Maurice  Harkless","Portland Trail Blazers",81,207,86.3,214,1.034,207,72,135,34.8,51.7,0,0,0,0,34.8,10,2,8,20,197,70,127,35.5,0.95
216,19,"Leandro Barbosa","Phoenix Suns",67,93,43.1,96,1.032,93,34,59,36.6,51.6,0,0,0,0,36.6,13,6,7,46.2,80,28,52,35,0.86
216,5,"Victor Oladipo","Oklahoma City Thunder",72,347,55.6,358,1.032,346,122,224,35.3,51.4,0,0.3,0.01,0.3,35.4,30,10,20,33.3,316,112,204,35.4,0.91
218,0,"Avery Bradley","Boston Celtics",73,383,57.3,395,1.031,382,142,240,37.2,51.2,0,0.8,0.01,0.8,37.3,92,35,57,38,290,107,183,36.9,0.76
219,11,"Brook Lopez","Brooklyn Nets",75,403,80.8,415,1.03,403,143,260,35.5,51.4,0,0.2,0,0.2,35.5,29,15,14,51.7,374,128,246,34.2,0.93
220,2,"Marvin  Williams","Charlotte Hornets",76,377,92.2,387,1.027,377,133,244,35.3,51.3,0,0,0,0,35.3,31,12,19,38.7,346,121,225,35,0.92
221,11,"Jamal Crawford","Los Angeles Clippers",89,171,23.4,175,1.023,171,59,112,34.5,50.9,0,0.6,0.01,0.6,34.5,11,3,8,27.3,160,56,104,35,0.94
222,13,"James Young","Boston Celtics",39,49,86,50,1.02,49,17,32,34.7,51,0,0,0,0,34.7,1,1,0,100,48,16,32,33.3,0.98
223,31,"Terrence Ross","Toronto Raptors",54,221,59.1,225,1.018,221,76,145,34.4,50.9,0,0,0,0,34.4,16,3,13,18.8,205,73,132,35.6,0.93
224,3,"David West","Golden State Warriors",85,116,87.9,118,1.017,116,57,59,49.1,50.9,0,0,0,0,49.1,107,53,54,49.5,9,4,5,44.4,0.08
225,41,"Trey Lyles","Utah Jazz",73,193,71.7,196,1.016,193,67,126,34.7,50.8,0,0,0,0,34.7,8,5,3,62.5,185,62,123,33.5,0.96
226,23,"Draymond Green","Golden State Warriors",93,332,92,337,1.015,332,113,219,34,50.8,0,0,0,0,34,9,2,7,22.2,323,111,212,34.4,0.97
227,21,"Wilson Chandler","Denver Nuggets",71,292,54.5,296,1.014,292,101,191,34.6,50.7,0,0,0,0,34.6,19,7,12,36.8,273,94,179,34.4,0.93
228,8,"Al Farouq Aminu","Portland Trail Blazers",65,226,81.9,229,1.013,226,78,148,34.5,50.7,0,0,0,0,34.5,11,5,6,45.5,215,73,142,34,0.95
228,21,"Thaddeus Young","Indiana Pacers",78,155,82.4,157,1.013,155,56,99,36.1,50.6,0,0,0,0,36.1,35,11,24,31.4,120,45,75,37.5,0.77
228,31,"Hollis Thompson","Philadelphia 76ers",31,78,78,79,1.013,78,27,51,34.6,50.6,0,0,0,0,34.6,9,2,7,22.2,69,25,44,36.2,0.88
231,17,"Jonas Valanciunas","Toronto Raptors",90,92,72.4,93,1.011,92,46,46,50,50.5,0,0,0,0,50,89,45,44,50.6,3,1,2,33.3,0.03
231,15,"DeMarcus Cousins","Sacramento Kings",55,282,60.3,285,1.011,282,103,179,36.5,50.4,0,0.4,0,0.4,36.5,63,25,38,39.7,219,78,141,35.6,0.78
233,35,"Mirza Teletovic","Milwaukee Bucks",73,293,83.7,296,1.01,293,99,194,33.8,50.5,0,0,0,0,33.8,8,1,7,12.5,285,98,187,34.4,0.97
234,7,"Jaylen Brown","Boston Celtics",95,144,63.7,145,1.007,144,49,95,34,50.3,0,0.7,0.01,0.7,34,6,2,4,33.3,138,47,91,34.1,0.96
235,40,"Harrison Barnes","Dallas Mavericks",79,331,47.7,332,1.003,331,131,200,39.6,50.2,0,0,0,0,39.6,132,61,71,46.2,199,70,129,35.2,0.6
235,5,"DeMarre Carroll","Toronto Raptors",82,333,82,334,1.003,332,113,219,34,50.2,0,0.6,0.01,0.6,34.2,13,6,7,46.2,319,107,212,33.5,0.96
235,1,"Devin Booker","Phoenix Suns",78,340,36.7,341,1.003,340,122,218,35.9,50.1,0,0,0,0,35.9,82,25,57,30.5,258,97,161,37.6,0.76
238,12,"Taurean Prince","Atlanta Hawks",65,103,63.6,103,1,103,35,68,34,50,0,0,0,0,34,4,2,2,50,99,33,66,33.3,0.96
238,44,"Frank Kaminsky","Charlotte Hornets",75,362,84.8,362,1,362,123,239,34,49.9,0,0.3,0,0.3,34,19,8,11,42.1,343,115,228,33.5,0.95
238,30,"Norris Cole","Oklahoma City Thunder",17,14,33.3,14,1,14,5,9,35.7,50,0,0,0,0,35.7,2,1,1,50,12,4,8,33.3,0.86
238,7,"Thon Maker","Milwaukee Bucks",63,93,88.6,93,1,93,32,61,34.4,50,0,0,0,0,34.4,12,3,9,25,81,29,52,35.8,0.87
238,22,"Matt Barnes","Golden State Warriors",32,60,87,60,1,60,21,39,35,50,0,0,0,0,35,6,3,3,50,54,18,36,33.3,0.9
238,8,"Nemanja Bjelica","Minnesota Timberwolves",65,164,86.3,164,1,164,56,108,34.1,50,0,0,0,0,34.1,7,4,3,57.1,157,52,105,33.1,0.96
238,30,"Kyle Wiltjer","Houston Rockets",15,12,80,12,1,12,4,8,33.3,50,0,0,0,0,33.3,0,0,0,,12,4,8,33.3,1
238,31,"Tomas Satoransky","Washington Wizards",67,29,45.3,29,1,29,10,19,34.5,50,0,0,0,0,34.5,1,1,0,100,28,9,19,32.1,0.97
238,25,"Raul Neto","Utah Jazz",49,33,60,33,1,33,11,22,33.3,50,0,0,0,0,33.3,2,0,2,0,31,11,20,35.5,0.94
238,11,"Meyers Leonard","Portland Trail Blazers",77,248,87.6,248,1,248,88,160,35.5,50,0,0,0,0,35.5,42,16,26,38.1,206,72,134,35,0.83
248,5,"Markieff Morris","Washington Wizards",89,304,62.4,301,0.99,304,111,193,36.5,49.5,0,0,0,0,36.5,86,32,54,37.2,218,79,139,36.2,0.72
249,43,"Kris Humphries","Atlanta Hawks",57,82,82,81,0.988,82,31,51,37.8,49.4,0,0,0,0,37.8,29,12,17,41.4,53,19,34,35.8,0.65
250,5,"Gorgui Dieng","Minnesota Timberwolves",82,216,77.7,213,0.986,216,99,117,45.8,49.3,0,0,0,0,45.8,181,84,97,46.4,35,15,20,42.9,0.16
250,11,"Dante Exum","Utah Jazz",73,144,79.6,142,0.986,144,48,96,33.3,49.3,0,0,0,0,33.3,5,2,3,40,139,46,93,33.1,0.97
252,24,"Richard Jefferson","Cleveland Cavaliers",93,197,82.8,194,0.985,196,65,131,33.2,49,0,1,0.02,1,33.5,8,3,5,37.5,188,62,126,33,0.96
253,15,"Marcus Thornton","Washington Wizards",33,62,48.1,61,0.984,62,22,40,35.5,49.2,0,0,0,0,35.5,11,5,6,45.5,51,17,34,33.3,0.82
254,5,"Nicolas Batum","Charlotte Hornets",77,362,49.9,356,0.983,362,124,238,34.3,48.6,0,1.1,0.01,1.1,34.3,57,20,37,35.1,305,104,201,34.1,0.84
254,22,"Caris LeVert","Brooklyn Nets",57,119,50.6,117,0.983,119,39,80,32.8,49.2,0,0,0,0,32.8,0,0,0,,119,39,80,32.8,1
254,6,"Sean Kilpatrick","Brooklyn Nets",70,234,56.3,230,0.983,234,78,156,33.3,49.1,0,0,0,0,33.3,12,4,8,33.3,222,74,148,33.3,0.95
257,3,"Mike Dunleavy","Cleveland Cavaliers",23,54,85.7,53,0.981,53,17,36,32.1,48.1,0,1.9,0.06,1.9,33.3,2,0,2,0,51,17,34,33.3,0.96
258,77,"Joffrey Lauvergne","Oklahoma City Thunder",50,95,92.2,93,0.979,95,33,62,34.7,48.9,0,0,0,0,34.7,17,6,11,35.3,78,27,51,34.6,0.82
259,9,"Ricky Rubio","Minnesota Timberwolves",75,189,39.8,184,0.974,189,65,124,34.4,48.7,0,0.5,0.01,0.5,34.4,25,11,14,44,164,54,110,32.9,0.87
260,7,"Sam Dekker","Houston Rockets",81,176,83.4,171,0.972,176,58,118,33,48.6,0,0,0,0,33,5,3,2,60,171,55,116,32.2,0.97
261,11,"Brandon Knight","Phoenix Suns",54,70,23.9,68,0.971,70,23,47,32.9,48.6,0,0,0,0,32.9,2,1,1,50,68,22,46,32.4,0.97
262,20,"Timofey Mozgov","Los Angeles Lakers",54,62,87.3,60,0.968,62,30,32,48.4,48.4,0,0,0,0,48.4,61,30,31,49.2,1,0,1,0,0.02
263,36,"Marcus Smart","Boston Celtics",97,326,63.7,315,0.966,326,105,221,32.2,48,0,0.6,0.01,0.6,32.2,10,2,8,20,316,103,213,32.6,0.97
264,0,"Patrick McCaw","Golden State Warriors",86,138,78,133,0.964,138,46,92,33.3,48.2,0,0,0,0,33.3,13,5,8,38.5,125,41,84,32.8,0.91
264,25,"Thabo Sefolosha","Atlanta Hawks",66,138,65.1,133,0.964,138,47,91,34.1,48.2,0,0,0,0,34.1,27,8,19,29.6,111,39,72,35.1,0.8
264,3,"Jeremy Lamb","Charlotte Hornets",62,110,37.9,106,0.964,110,38,72,34.5,47.7,0,0.9,0.01,0.9,34.5,19,9,10,47.4,91,29,62,31.9,0.83
267,14,"Brandon Ingram","Los Angeles Lakers",79,183,48,176,0.962,183,61,122,33.3,48.1,0,0,0,0,33.3,17,7,10,41.2,166,54,112,32.5,0.91
267,4,"Luis Scola","Brooklyn Nets",36,52,88.1,50,0.962,52,17,35,32.7,48.1,0,0,0,0,32.7,5,1,4,20,47,16,31,34,0.9
269,17,"Jonathan Simmons","San Antonio Spurs",93,121,42.3,116,0.959,121,40,81,33.1,47.9,0,0,0,0,33.1,11,4,7,36.4,110,36,74,32.7,0.91
270,44,"Nikola Mirotic","Chicago Bulls",76,384,82.6,368,0.958,383,123,260,32.1,47.9,0,0.3,0.01,0.3,32.3,15,2,13,13.3,368,121,247,32.9,0.96
270,24,"Kent  Bazemore","Atlanta Hawks",79,236,49.1,226,0.958,236,78,158,33.1,47.9,0,0,0,0,33.1,28,8,20,28.6,208,70,138,33.7,0.88
272,0,"Josh Richardson","Miami Heat",53,233,61.3,223,0.957,233,77,156,33,47.9,0,0,0,0,33,32,8,24,25,201,69,132,34.3,0.86
273,33,"Robert Covington","Philadelphia 76ers",67,390,86.7,373,0.956,390,125,265,32.1,47.7,0,0.3,0,0.3,32.1,16,3,13,18.8,374,122,252,32.6,0.96
274,1,"Justin Anderson","Dallas Mavericks",51,112,73.7,107,0.955,112,36,76,32.1,47.8,0,0,0,0,32.1,4,1,3,25,108,35,73,32.4,0.96
275,11,"Jrue Holiday","New Orleans Pelicans",67,80,15.9,76,0.95,80,26,54,32.5,47.5,0,0,0,0,32.5,4,2,2,50,76,24,52,31.6,0.95
276,9,"Nicolas Brussino","Dallas Mavericks",54,96,80.7,91,0.948,96,31,65,32.3,47.4,0,0,0,0,32.3,8,2,6,25,88,29,59,33,0.92
277,5,"Alex Poythress","Philadelphia 76ers",6,19,86.4,18,0.947,19,6,13,31.6,47.4,0,0,0,0,31.6,0,0,0,,19,6,13,31.6,1
277,15,"Shabazz Muhammad","Minnesota Timberwolves",78,150,76.1,142,0.947,150,48,102,32,47.3,0,0,0,0,32,10,2,8,20,140,46,94,32.9,0.93
279,7,"Timothé Luwawu-Cabarrot","Philadelphia 76ers",69,149,83.7,141,0.946,149,47,102,31.5,47.3,0,0,0,0,31.5,1,0,1,0,148,47,101,31.8,0.99
279,8,"Shelvin Mack","Utah Jazz",64,74,37.4,70,0.946,74,24,50,32.4,47.3,0,0,0,0,32.4,3,2,1,66.7,71,22,49,31,0.96
281,2,"Anthony Morrow","Oklahoma City Thunder",40,126,73.7,119,0.944,126,42,84,33.3,46.8,0,0.8,0.01,0.8,33.3,15,8,7,53.3,111,34,77,30.6,0.88
281,22,"Matt Barnes","Sacramento Kings",54,197,78.8,186,0.944,197,64,133,32.5,47.2,0,0.5,0.01,0.5,32.5,18,6,12,33.3,179,58,121,32.4,0.91
283,14,"Ish Smith","Detroit Pistons",81,69,15.7,65,0.942,69,22,47,31.9,47.1,0,0,0,0,31.9,3,1,2,33.3,66,21,45,31.8,0.96
284,7,"Ramon Sessions","Charlotte Hornets",50,50,52.1,47,0.94,50,16,34,32,47,0,0,0,0,32,4,1,3,25,46,15,31,32.6,0.92
284,91,"Mindaugas Kuzminskas","New York Knicks",68,150,82.9,141,0.94,150,47,103,31.3,47,0,0,0,0,31.3,1,0,1,0,149,47,102,31.5,0.99
286,19,"Beno Udrih","Detroit Pistons",39,16,11,15,0.938,16,5,11,31.3,46.9,0,0,0,0,31.3,2,0,2,0,14,5,9,35.7,0.88
286,9,"Justin Anderson","Philadelphia 76ers",24,64,71.9,60,0.938,64,20,44,31.3,46.9,0,1.6,0.02,1.6,31.3,1,0,1,0,63,20,43,31.7,0.98
288,3,"Domantas Sabonis","Oklahoma City Thunder",83,218,92.8,203,0.931,218,76,142,34.9,46.6,0,0,0,0,34.9,59,25,34,42.4,159,51,108,32.1,0.73
289,12,"Kelly Oubre Jr.","Washington Wizards",91,214,74.3,199,0.93,214,69,145,32.2,46.5,0,0,0,0,32.2,17,8,9,47.1,197,61,136,31,0.92
290,32,"Blake Griffin","Los Angeles Clippers",64,268,62.3,249,0.929,268,105,163,39.2,46.5,0,0,0,0,39.2,165,66,99,40,103,39,64,37.9,0.38
290,9,"Dario Saric","Philadelphia 76ers",81,352,68.9,327,0.929,352,114,238,32.4,46.4,0,0,0,0,32.4,48,15,33,31.3,304,99,205,32.6,0.86
292,11,"Bryn Forbes","San Antonio Spurs",42,54,49.1,50,0.926,54,18,36,33.3,46.3,0,0,0,0,33.3,9,4,5,44.4,45,14,31,31.1,0.83
293,10,"Yogi Ferrell","Brooklyn Nets",10,13,33.3,12,0.923,13,4,9,30.8,46.2,0,0,0,0,30.8,1,0,1,0,12,4,8,33.3,0.92
293,30,"Ryan Kelly","Atlanta Hawks",16,13,72.2,12,0.923,13,4,9,30.8,46.2,0,0,0,0,30.8,3,0,3,0,10,4,6,40,0.77
295,0,"Marquese Chriss","Phoenix Suns",82,261,90,240,0.92,261,85,176,32.6,46,0,0,0,0,32.6,40,15,25,37.5,221,70,151,31.7,0.85
296,3,"Damjan Rudez","Orlando Magic",45,62,78.5,57,0.919,62,20,42,32.3,46,0,0,0,0,32.3,5,3,2,60,57,17,40,29.8,0.92
296,10,"Tim Frazier","New Orleans Pelicans",65,74,34.1,68,0.919,74,23,51,31.1,45.9,0,0,0,0,31.1,8,1,7,12.5,66,22,44,33.3,0.89
298,10,"Ty Lawson","Sacramento Kings",69,85,26.2,78,0.918,84,26,58,31,44.6,0,2.4,0.05,2.4,31.8,7,3,4,42.9,77,23,54,29.9,0.92
299,23,"Anthony Davis","New Orleans Pelicans",75,346,57.2,317,0.916,346,139,207,40.2,45.8,0,0,0,0,40.2,219,100,119,45.7,127,39,88,30.7,0.37
300,11,"Monta Ellis","Indiana Pacers",78,142,42.5,130,0.915,142,46,96,32.4,45.4,0,0.7,0.01,0.7,32.4,18,9,9,50,124,37,87,29.8,0.87
301,7,"Brandon Jennings","Washington Wizards",36,23,23.7,21,0.913,23,7,16,30.4,45.7,0,0,0,0,30.4,0,0,0,,23,7,16,30.4,1
302,8,"Henry Ellenson","Detroit Pistons",19,41,89.1,37,0.902,40,13,27,32.5,45,0,2.4,0.08,2.4,34.1,5,3,2,60,35,10,25,28.6,0.88
303,20,"Rashad Vaughn","Milwaukee Bucks",44,79,68.7,71,0.899,79,25,54,31.6,44.9,0,0,0,0,31.6,11,4,7,36.4,68,21,47,30.9,0.86
303,35,"Trevor Booker","Brooklyn Nets",71,69,47.6,62,0.899,69,22,47,31.9,44.9,0,0,0,0,31.9,15,4,11,26.7,54,18,36,33.3,0.78
305,33,"Myles Turner","Indiana Pacers",85,382,91,343,0.898,382,153,229,40.1,44.9,0,0,0,0,40.1,264,116,148,43.9,118,37,81,31.4,0.31
306,0,"Aaron Gordon","Orlando Magic",80,222,49,199,0.896,222,69,153,31.1,44.8,0,0,0,0,31.1,27,8,19,29.6,195,61,134,31.3,0.88
307,12,"LaMarcus Aldridge","San Antonio Spurs",88,408,74.6,365,0.895,408,171,237,41.9,44.7,0,0,0,0,41.9,345,148,197,42.9,63,23,40,36.5,0.15
308,14,"KJ McDaniels","Brooklyn Nets",20,37,78.7,33,0.892,37,11,26,29.7,44.6,0,2.7,0.03,2.7,29.7,0,0,0,,37,11,26,29.7,1
309,41,"Justin Hamilton","Brooklyn Nets",64,193,95.1,172,0.891,193,59,134,30.6,44.6,0,0,0,0,30.6,13,5,8,38.5,180,54,126,30,0.93
310,1,"Kyle  Anderson","San Antonio Spurs",87,71,60.2,63,0.887,71,23,48,32.4,44.4,0,0,0,0,32.4,24,6,18,25,47,17,30,36.2,0.66
311,21,"Noah Vonleh","Portland Trail Blazers",78,61,79.2,54,0.885,61,24,37,39.3,44.3,0,0,0,0,39.3,44,18,26,40.9,17,6,11,35.3,0.28
312,42,"Robin Lopez","Chicago Bulls",87,233,88.6,206,0.884,233,103,130,44.2,44.2,0,0,0,0,44.2,231,103,128,44.6,2,0,2,0,0.01
312,4,"Paul Millsap","Atlanta Hawks",75,284,59.9,251,0.884,283,91,192,32.2,44.3,0,0.4,0.01,0.4,32,53,22,31,41.5,230,69,161,30,0.81
314,33,"Adreian Payne","Minnesota Timberwolves",18,17,65.4,15,0.882,17,6,11,35.3,44.1,0,0,0,0,35.3,3,3,0,100,14,3,11,21.4,0.82
314,8,"Tyler Ulis","Phoenix Suns",61,34,10.7,30,0.882,34,10,24,29.4,44.1,0,0,0,0,29.4,0,0,0,,34,10,24,29.4,1
314,9,"Nikola Vucevic","Orlando Magic",75,330,81.3,291,0.882,330,134,196,40.6,44.1,0,0,0,0,40.6,256,111,145,43.4,74,23,51,31.1,0.22
317,3,"Dwyane Wade","Chicago Bulls",66,84,16.3,74,0.881,84,27,57,32.1,44,0,0,0,0,32.1,18,7,11,38.9,66,20,46,30.3,0.79
318,27,"Jusuf Nurkic","Portland Trail Blazers",21,25,69.4,22,0.88,25,11,14,44,44,0,0,0,0,44,24,11,13,45.8,1,0,1,0,0.04
318,8,"Mario Hezonja","Orlando Magic",65,150,61.5,132,0.88,150,48,102,32,44,0,0,0,0,32,33,12,21,36.4,117,36,81,30.8,0.78
320,34,"Giannis Antetokounmpo","Milwaukee Bucks",86,135,28.7,118,0.874,135,41,94,30.4,43.7,0,0,0,0,30.4,14,5,9,35.7,121,36,85,29.8,0.9
321,10,"Dorian Finney-Smith","Dallas Mavericks",81,188,85.1,164,0.872,188,55,133,29.3,43.6,0,0,0,0,29.3,5,1,4,20,183,54,129,29.5,0.97
322,13,"Jose Calderon","Atlanta Hawks",23,38,62.3,33,0.868,38,11,27,28.9,43.4,0,0,0,0,28.9,2,0,2,0,36,11,25,30.6,0.95
323,7,"Larry Nance","Los Angeles Lakers",63,113,89.7,98,0.867,113,44,69,38.9,43.4,0,0,0,0,38.9,81,34,47,42,32,10,22,31.3,0.28
323,1,"Jarell Martin","Memphis Grizzlies",45,45,83.3,39,0.867,45,15,30,33.3,43.3,0,0,0,0,33.3,20,6,14,30,25,9,16,36,0.56
323,92,"Lucas Nogueira","Toronto Raptors",60,15,83.3,13,0.867,15,5,10,33.3,43.3,0,0,0,0,33.3,6,2,4,33.3,9,3,6,33.3,0.6
326,1,"Kevin Seraphin","Indiana Pacers",53,44,80,38,0.864,44,19,25,43.2,43.2,0,0,0,0,43.2,43,19,24,44.2,1,0,1,0,0.02
327,30,"Jon Leuer","Detroit Pistons",75,247,68,213,0.862,247,82,165,33.2,43.1,0,0,0,0,33.2,81,33,48,40.7,166,49,117,29.5,0.67
327,21,"TJ Warren","Phoenix Suns",66,138,38.1,119,0.862,138,48,90,34.8,43.1,0,0,0,0,34.8,54,25,29,46.3,84,23,61,27.4,0.61
329,7,"Stanley Johnson","Detroit Pistons",77,136,50,117,0.86,136,39,97,28.7,43,0,0,0,0,28.7,7,0,7,0,129,39,90,30.2,0.95
330,34,"Jeff Green","Orlando Magic",69,169,57.9,145,0.858,169,51,118,30.2,42.9,0,0,0,0,30.2,18,8,10,44.4,151,43,108,28.5,0.89
331,31,"Jarell Eddie","Phoenix Suns",5,14,82.4,12,0.857,14,4,10,28.6,42.9,0,0,0,0,28.6,0,0,0,,14,4,10,28.6,1
331,15,"Greg Monroe","Milwaukee Bucks",87,35,55.6,30,0.857,35,15,20,42.9,42.9,0,0,0,0,42.9,34,15,19,44.1,1,0,1,0,0.03
333,9,"Luol Deng","Los Angeles Lakers",56,145,56.4,124,0.855,145,42,103,29,42.8,0,0,0,0,29,19,2,17,10.5,126,40,86,31.7,0.87
334,9,"Kyle O'Quinn","New York Knicks",79,106,73.6,90,0.849,106,44,62,41.5,42.5,0,0,0,0,41.5,94,42,52,44.7,12,2,10,16.7,0.11
335,9,"Tony Allen","Memphis Grizzlies",71,77,72,65,0.844,77,25,52,32.5,42.2,0,0,0,0,32.5,27,10,17,37,50,15,35,30,0.65
336,0,"Willie Cauley-Stein","Sacramento Kings",75,31,45.6,26,0.839,31,13,18,41.9,41.9,0,0,0,0,41.9,29,13,16,44.8,2,0,2,0,0.06
337,0,"Isaiah Canaan","Chicago Bulls",42,86,62.3,72,0.837,86,24,62,27.9,41.9,0,0,0,0,27.9,3,0,3,0,83,24,59,28.9,0.97
338,31,"Ron Baker","New York Knicks",52,73,61.9,61,0.836,73,21,52,28.8,41.8,0,0,0,0,28.8,6,2,4,33.3,67,19,48,28.4,0.92
339,14,"Guillermo Hernangomez","New York Knicks",72,48,85.7,40,0.833,48,18,30,37.5,41.7,0,0,0,0,37.5,34,14,20,41.2,14,4,10,28.6,0.29
340,18,"Sasha Vujacic","New York Knicks",42,71,57.3,59,0.831,70,20,50,28.6,38.6,0,4.2,0.07,4.2,29.6,15,6,9,40,55,14,41,25.5,0.79
341,2,"Elfrid Payton","Orlando Magic",82,135,40.5,112,0.83,135,38,97,28.1,41.5,0,0,0,0,28.1,5,2,3,40,130,36,94,27.7,0.96
342,30,"Julius Randle","Los Angeles Lakers",74,87,44.2,72,0.828,87,28,59,32.2,41.4,0,0,0,0,32.2,30,12,18,40,57,16,41,28.1,0.66
343,24,"Mason Plumlee","Portland Trail Blazers",54,17,26.6,14,0.824,17,7,10,41.2,41.2,0,0,0,0,41.2,14,7,7,50,3,0,3,0,0.18
343,5,"Andrew Harrison","Memphis Grizzlies",78,102,40.8,84,0.824,102,29,73,28.4,41.2,0,0,0,0,28.4,9,3,6,33.3,93,26,67,28,0.91
343,4,"Nerlens Noel","Philadelphia 76ers",29,17,58.6,14,0.824,17,7,10,41.2,41.2,0,0,0,0,41.2,17,7,10,41.2,0,0,0,,0
346,35,"Dragan Bender","Phoenix Suns",43,107,90.7,88,0.822,107,30,77,28,41.1,0,0,0,0,28,6,2,4,33.3,101,28,73,27.7,0.94
347,6,"Darrun Hilliard","Detroit Pistons",39,38,40.9,31,0.816,38,11,27,28.9,40.8,0,0,0,0,28.9,7,2,5,28.6,31,9,22,29,0.82
348,15,"Derrick Favors","Utah Jazz",61,107,89.2,87,0.813,107,42,65,39.3,40.7,0,0,0,0,39.3,97,39,58,40.2,10,3,7,30,0.09
349,35,"Willie Reed","Miami Heat",71,16,64,13,0.813,16,6,10,37.5,40.6,0,0,0,0,37.5,13,5,8,38.5,3,1,2,33.3,0.19
349,23,"CJ Wilcox","Orlando Magic",22,16,59.3,13,0.813,16,5,11,31.3,40.6,0,0,0,0,31.3,2,2,0,100,14,3,11,21.4,0.88
351,10,"Troy Williams","Memphis Grizzlies",25,37,71.2,30,0.811,37,10,27,27,40.5,0,0,0,0,27,1,0,1,0,36,10,26,27.8,0.97
352,2,"Maurice Ndour","New York Knicks",32,21,65.6,17,0.81,21,8,13,38.1,40.5,0,0,0,0,38.1,14,7,7,50,7,1,6,14.3,0.33
353,33,"Wesley Johnson","Los Angeles Clippers",71,125,74.9,101,0.808,125,36,89,28.8,40,0,0.8,0.01,0.8,28.8,14,8,6,57.1,111,28,83,25.2,0.89
353,25,"Malik Beasley","Denver Nuggets",22,26,70.3,21,0.808,26,7,19,26.9,40.4,0,0,0,0,26.9,1,0,1,0,25,7,18,28,0.96
355,22,"Taj Gibson","Oklahoma City Thunder",28,41,89.1,33,0.805,41,16,25,39,40.2,0,0,0,0,39,40,15,25,37.5,1,1,0,100,0.02
356,44,"Andrew Nicholson","Brooklyn Nets",10,15,93.8,12,0.8,15,5,10,33.3,40,0,0,0,0,33.3,4,3,1,75,11,2,9,18.2,0.73
356,3,"Dewayne Dedmon","San Antonio Spurs",88,10,55.6,8,0.8,10,4,6,40,40,0,0,0,0,40,10,4,6,40,0,0,0,,0
356,55,"Roy Hibbert","Charlotte Hornets",42,30,93.8,24,0.8,30,12,18,40,40,0,0,0,0,40,30,12,18,40,0,0,0,,0
359,10,"DeMar DeRozan","Toronto Raptors",84,173,18,138,0.798,173,55,118,31.8,39.6,0,0.6,0.01,0.6,31.8,82,28,54,34.1,91,27,64,29.7,0.53
360,12,"Donatas Motiejunas","New Orleans Pelicans",34,49,89.1,39,0.796,49,14,35,28.6,39.8,0,0,0,0,28.6,4,3,1,75,45,11,34,24.4,0.92
361,43,"Pascal Siakam","Toronto Raptors",57,34,65.4,27,0.794,34,13,21,38.2,39.7,0,0,0,0,38.2,27,12,15,44.4,7,1,6,14.3,0.21
362,21,"Andre Roberson","Oklahoma City Thunder",84,193,92.8,153,0.793,193,51,142,26.4,39.6,0,0,0,0,26.4,1,0,1,0,192,51,141,26.6,0.99
363,30,"Brandon Bass","Los Angeles Clippers",53,19,54.3,15,0.789,19,7,12,36.8,39.5,0,0,0,0,36.8,17,6,11,35.3,2,1,1,50,0.11
364,2,"Rodney  Stuckey","Indiana Pacers",39,52,32.1,41,0.788,51,14,37,27.5,38.2,0,1.9,0.04,1.9,28.8,8,3,5,37.5,43,11,32,25.6,0.84
365,1,"Evan Turner","Portland Trail Blazers",69,126,31.9,99,0.786,126,34,92,27,39.3,0,0,0,0,27,7,3,4,42.9,119,31,88,26.1,0.94
366,5,"Troy Williams","Houston Rockets",11,23,79.3,18,0.783,23,6,17,26.1,39.1,0,0,0,0,26.1,0,0,0,,23,6,17,26.1,1
367,7,"Dwight  Powell","Dallas Mavericks",77,142,87.1,111,0.782,142,45,97,31.7,39.1,0,0.7,0.01,0.7,31.7,73,24,49,32.9,69,21,48,30.4,0.49
368,20,"James Michael McAdoo","Golden State Warriors",65,18,62.1,14,0.778,18,5,13,27.8,38.9,0,0,0,0,27.8,5,1,4,20,13,4,9,30.8,0.72
369,5,"Malcom Delaney","Atlanta Hawks",74,94,29.8,73,0.777,94,26,68,27.7,38.8,0,0,0,0,27.7,13,5,8,38.5,81,21,60,25.9,0.86
370,37,"Metta World Peace","Los Angeles Lakers",25,31,57.4,24,0.774,31,8,23,25.8,38.7,0,0,0,0,25.8,1,0,1,0,30,8,22,26.7,0.97
371,12,"Aron Baynes","Detroit Pistons",75,44,91.7,34,0.773,44,17,27,38.6,38.6,0,0,0,0,38.6,44,17,27,38.6,0,0,0,,0
372,0,"Spencer Hawes","Charlotte Hornets",35,70,82.4,54,0.771,70,19,51,27.1,38.6,0,0,0,0,27.1,16,3,13,18.8,54,16,38,29.6,0.77
373,3,"Nerlens Noel","Dallas Mavericks",22,13,81.3,10,0.769,13,5,8,38.5,38.5,0,0,0,0,38.5,13,5,8,38.5,0,0,0,,0
373,1,"Tyreke Evans","New Orleans Pelicans",26,26,26.3,20,0.769,26,7,19,26.9,38.5,0,0,0,0,26.9,1,1,0,100,25,6,19,24,0.96
375,32,"C.J. Watson","Orlando Magic",62,82,44.8,63,0.768,82,23,59,28,38.4,0,0,0,0,28,13,6,7,46.2,69,17,52,24.6,0.84
376,33,"Boris Diaw","Utah Jazz",84,114,66.3,87,0.763,114,31,83,27.2,37.7,0,0.9,0.01,0.9,27.2,30,7,23,23.3,84,24,60,28.6,0.74
377,50,"Zach Randolph","Memphis Grizzlies",79,209,61.1,159,0.761,209,69,140,33,38,0,0,0,0,33,117,48,69,41,92,21,71,22.8,0.44
378,3,"Kris Dunn","Minnesota Timberwolves",78,62,33,47,0.758,62,17,45,27.4,37.9,0,0,0,0,27.4,10,4,6,40,52,13,39,25,0.84
379,9,"Terrence Jones","New Orleans Pelicans",51,90,70.3,68,0.756,89,26,63,29.2,38.2,0,1.1,0.02,1.1,28.9,28,10,18,35.7,61,16,45,26.2,0.69
380,7,"Michael Carter-Williams","Chicago Bulls",51,61,46.9,46,0.754,61,16,45,26.2,37.7,0,0,0,0,26.2,3,2,1,66.7,58,14,44,24.1,0.95
381,21,"Hassan Whiteside","Miami Heat",77,56,39.7,42,0.75,56,21,35,37.5,37.5,0,0,0,0,37.5,56,21,35,37.5,0,0,0,,0
381,13,"Anthony Bennett","Brooklyn Nets",23,44,89.8,33,0.75,44,11,33,25,37.5,0,0,0,0,25,0,0,0,,44,11,33,25,1
381,10,"David Lee","San Antonio Spurs",94,32,61.5,24,0.75,32,12,20,37.5,37.5,0,0,0,0,37.5,31,12,19,38.7,1,0,1,0,0.03
381,7,"Ersan Ilyasova","Oklahoma City Thunder",3,12,100,9,0.75,12,3,9,25,37.5,0,0,0,0,25,0,0,0,,12,3,9,25,1
385,10,"Jake Layman","Portland Trail Blazers",37,55,78.6,41,0.745,54,13,41,24.1,35.2,0,1.8,0.06,1.8,25.5,8,1,7,12.5,46,12,34,26.1,0.85
386,9,"Alan Anderson","Los Angeles Clippers",30,31,50.8,23,0.742,31,8,23,25.8,37.1,0,0,0,0,25.8,3,1,2,33.3,28,7,21,25,0.9
387,22,"Taj Gibson","Chicago Bulls",55,101,75.9,74,0.733,101,36,65,35.6,36.6,0,0,0,0,35.6,89,34,55,38.2,12,2,10,16.7,0.12
388,12,"Steven Adams","Oklahoma City Thunder",85,11,52.4,8,0.727,11,4,7,36.4,36.4,0,0,0,0,36.4,10,4,6,40,1,0,1,0,0.09
388,10,"Derrick Jones Jr.","Phoenix Suns",32,11,36.7,8,0.727,11,3,8,27.3,36.4,0,0,0,0,27.3,1,1,0,100,10,2,8,20,0.91
388,13,"Marcin Gortat","Washington Wizards",95,22,44.9,16,0.727,22,8,14,36.4,36.4,0,0,0,0,36.4,21,8,13,38.1,1,0,1,0,0.05
391,42,"Nene Hilario","Houston Rockets",76,58,73.4,42,0.724,58,20,38,34.5,36.2,0,0,0,0,34.5,49,18,31,36.7,9,2,7,22.2,0.16
392,5,"Lavoy Allen","Indiana Pacers",64,53,88.3,38,0.717,53,19,34,35.8,35.8,0,0,0,0,35.8,53,19,34,35.8,0,0,0,,0
393,55,"Delon Wright","Toronto Raptors",36,21,39.6,15,0.714,21,5,16,23.8,35.7,0,0,0,0,23.8,0,0,0,,21,5,16,23.8,1
394,33,"Corey Brewer","Houston Rockets",58,87,85.3,62,0.713,87,21,66,24.1,35.6,0,0,0,0,24.1,1,1,0,100,86,20,66,23.3,0.99
395,25,"Chandler Parsons","Memphis Grizzlies",34,79,58.1,56,0.709,79,19,60,24.1,35.4,0,1.3,0.03,1.3,24.1,10,1,9,10,69,18,51,26.1,0.87
396,3,"Corey Brewer","Los Angeles Lakers",24,24,60,17,0.708,24,6,18,25,35.4,0,0,0,0,25,1,1,0,100,23,5,18,21.7,0.96
397,44,"Tyler Zeller","Boston Celtics",62,54,93.1,38,0.704,54,19,35,35.2,35.2,0,0,0,0,35.2,54,19,35,35.2,0,0,0,,0
398,42,"Alexis Ajinca","New Orleans Pelicans",39,49,81.7,34,0.694,49,17,32,34.7,34.7,0,0,0,0,34.7,45,17,28,37.8,4,0,4,0,0.08
398,14,"Michael Kidd-Gilchrist","Charlotte Hornets",81,62,24.2,43,0.694,62,21,41,33.9,34.7,0,0,0,0,33.9,57,20,37,35.1,5,1,4,20,0.08
400,22,"Derrick Williams","Miami Heat",25,55,76.4,38,0.691,55,15,40,27.3,34.5,0,0,0,0,27.3,15,7,8,46.7,40,8,32,20,0.73
401,44,"Andrew Nicholson","Washington Wizards",28,16,66.7,11,0.688,16,4,12,25,34.4,0,0,0,0,25,1,1,0,100,15,3,12,20,0.94
402,12,"T.J. McConnell","Philadelphia 76ers",81,40,15.2,27,0.675,40,9,31,22.5,33.8,0,0,0,0,22.5,2,0,2,0,38,9,29,23.7,0.95
403,6,"Semaj Christon","Oklahoma City Thunder",66,49,35.5,33,0.673,49,11,38,22.4,33.7,0,0,0,0,22.4,2,0,2,0,47,11,36,23.4,0.96
404,9,"Sheldon McClellan","Washington Wizards",37,32,55.2,21,0.656,32,7,25,21.9,32.8,0,0,0,0,21.9,2,0,2,0,30,7,23,23.3,0.94
405,27,"Zaza Pachulia","Golden State Warriors",85,37,68.5,24,0.649,37,12,25,32.4,32.4,0,0,0,0,32.4,37,12,25,32.4,0,0,0,,0
406,25,"Al Jefferson","Indiana Pacers",66,53,74.6,34,0.642,53,17,36,32.1,32.1,0,0,0,0,32.1,53,17,36,32.1,0,0,0,,0
407,13,"Cheick Diallo","New Orleans Pelicans",17,19,67.9,12,0.632,19,6,13,31.6,31.6,0,0,0,0,31.6,19,6,13,31.6,0,0,0,,0
408,21,"Alex Len","Phoenix Suns",77,70,84.3,44,0.629,70,21,49,30,31.4,0,0,0,0,30,60,19,41,31.7,10,2,8,20,0.14
409,32,"Hollis Thompson","New Orleans Pelicans",9,24,85.7,15,0.625,24,5,19,20.8,31.3,0,0,0,0,20.8,2,0,2,0,22,5,17,22.7,0.92
410,77,"Joffrey Lauvergne","Chicago Bulls",23,29,93.5,18,0.621,29,6,23,20.7,31,0,0,0,0,20.7,6,0,6,0,23,6,17,26.1,0.79
411,19,"Jarrod Uthoff","Dallas Mavericks",9,13,68.4,8,0.615,13,3,10,23.1,30.8,0,0,0,0,23.1,5,1,4,20,8,2,6,25,0.62
412,4,"Derrick Rose","New York Knicks",64,43,11.9,26,0.605,43,9,34,20.9,30.2,0,0,0,0,20.9,6,1,5,16.7,37,8,29,21.6,0.86
413,0,"Jared Sullinger","Toronto Raptors",11,25,86.2,15,0.6,25,6,19,24,30,0,0,0,0,24,7,3,4,42.9,18,3,15,16.7,0.72
413,21,"Anthony Brown","New Orleans Pelicans",9,20,66.7,12,0.6,20,4,16,20,30,0,0,0,0,20,0,0,0,,20,4,16,20,1
413,4,"Marcelo Huertas","Los Angeles Lakers",23,10,26.3,6,0.6,10,2,8,20,30,0,0,0,0,20,1,0,1,0,9,2,7,22.2,0.9
413,24,"Rondae Hollis-Jefferson","Brooklyn Nets",78,75,46.6,45,0.6,75,16,59,21.3,30,0,0,0,0,21.3,14,3,11,21.4,61,13,48,21.3,0.81
417,5,"Montrezl Harrell","Houston Rockets",63,27,79.4,16,0.593,27,8,19,29.6,29.6,0,0,0,0,29.6,21,8,13,38.1,6,0,6,0,0.22
418,11,"Enes Kanter","Oklahoma City Thunder",77,107,75.4,63,0.589,107,29,78,27.1,29.4,0,0,0,0,27.1,69,24,45,34.8,38,5,33,13.2,0.36
419,6,"Cristiano Felicio","Chicago Bulls",72,24,72.7,14,0.583,24,7,17,29.2,29.2,0,0,0,0,29.2,24,7,17,29.2,0,0,0,,0
420,20,"Justise Winslow","Miami Heat",18,50,53.2,29,0.58,50,11,39,22,29,0,0,0,0,22,19,4,15,21.1,31,7,24,22.6,0.62
421,7,"Wayne Selden","Memphis Grizzlies",17,27,67.5,15,0.556,27,5,22,18.5,27.8,0,0,0,0,18.5,0,0,0,,27,5,22,18.5,1
422,40,"Cody Zeller","Charlotte Hornets",62,44,69.8,24,0.545,44,12,32,27.3,27.3,0,0,0,0,27.3,43,12,31,27.9,1,0,1,0,0.02
423,50,"Salah Mejri","Dallas Mavericks",73,13,86.7,7,0.538,13,3,10,23.1,26.9,0,0,0,0,23.1,10,2,8,20,3,1,2,33.3,0.23
424,23,"Jusuf  Nurkic","Denver Nuggets",45,16,84.2,8,0.5,16,4,12,25,25,0,0,0,0,25,16,4,12,25,0,0,0,,0
424,16,"Toney Douglas","Memphis Grizzlies",24,16,21.6,8,0.5,16,3,13,18.8,25,0,0,0,0,18.8,2,1,1,50,14,2,12,14.3,0.88
426,15,"Kyle Singler","Oklahoma City Thunder",33,38,84.4,18,0.474,38,6,32,15.8,23.7,0,0,0,0,15.8,2,0,2,0,36,6,30,16.7,0.95
427,14,"Ronnie Price","Phoenix Suns",14,13,65,6,0.462,13,2,11,15.4,23.1,0,0,0,0,15.4,0,0,0,,13,2,11,15.4,1
427,5,"Kevon Looney","Golden State Warriors",53,13,72.2,6,0.462,13,2,11,15.4,23.1,0,0,0,0,15.4,4,0,4,0,9,2,7,22.2,0.69
429,31,"John Henson","Milwaukee Bucks",60,28,75.7,12,0.429,28,6,22,21.4,21.4,0,0,0,0,21.4,27,6,21,22.2,1,0,1,0,0.04
430,8,"Dwight Howard","Atlanta Hawks",80,24,80,10,0.417,24,5,19,20.8,20.8,0,0,0,0,20.8,22,5,17,22.7,2,0,2,0,0.08
431,32,"Mike Scott","Atlanta Hawks",18,28,80,9,0.321,28,3,25,10.7,16.1,0,0,0,0,10.7,3,0,3,0,25,3,22,12,0.89
432,95,"DeAndre Bembry","Atlanta Hawks",38,19,63.3,6,0.316,19,2,17,10.5,13.2,0,5.3,0.05,5.3,10.5,2,1,1,50,17,1,16,5.9,0.89
433,11,"Bismack Biyombo","Orlando Magic",81,13,48.1,4,0.308,13,2,11,15.4,15.4,0,0,0,0,15.4,13,2,11,15.4,0,0,0,,0
434,2,"Quinn Cook","Dallas Mavericks",5,10,47.6,3,0.3,10,1,9,10,15,0,0,0,0,10,0,0,0,,10,1,9,10,1
435,32,"Georges Niang","Indiana Pacers",23,12,80,3,0.25,12,1,11,8.3,12.5,0,0,0,0,8.3,0,0,0,,12,1,11,8.3,1
435,4,"Wade Baldwin","Memphis Grizzlies",36,12,20.3,3,0.25,12,1,11,8.3,12.5,0,0,0,0,8.3,2,0,2,0,10,1,9,10,0.83